ID,Predicted
TRG002728,61.853012
TRG002649,47.82508
TRG002628,41.020382
